{
  "predictions": [
    0,
    0,
    0,
    0,
    0,
    0,
    0,
    0,
    0,
    0,
    0,
    0,
    0,
    0,
    0,
    0,
    0,
    0,
    0,
    0,
    0,
    0,
    0,
    0,
    0,
    0,
    0,
    0,
    0,
    1,
    2,
    0,
    0,
    0,
    0,
    0,
    2,
    2,
    2,
    0,
    0,
    0,
    1,
    0,
    1,
    1,
    0,
    0,
    1,
    2,
    1,
    1,
    1,
    0,
    0,
    1,
    1,
    0,
    0,
    1,
    0,
    1,
    2,
    1,
    0,
    2,
    2,
    2,
    2,
    0,
    2,
    2,
    2,
    1,
    0,
    0,
    1,
    2,
    1,
    2,
    1,
    1,
    2,
    1,
    2,
    1,
    2,
    2,
    1,
    2,
    2,
    1,
    1,
    2,
    2,
    2,
    2,
    1,
    1,
    2
  ],
  "labels": [
    0,
    0,
    0,
    0,
    0,
    0,
    0,
    0,
    0,
    0,
    0,
    0,
    0,
    0,
    0,
    0,
    0,
    0,
    0,
    0,
    0,
    0,
    0,
    0,
    0,
    0,
    0,
    0,
    0,
    0,
    1,
    1,
    1,
    1,
    1,
    1,
    1,
    1,
    1,
    1,
    1,
    1,
    1,
    1,
    1,
    1,
    1,
    1,
    1,
    1,
    1,
    1,
    1,
    1,
    1,
    1,
    1,
    1,
    1,
    1,
    1,
    1,
    1,
    1,
    1,
    2,
    2,
    2,
    2,
    2,
    2,
    2,
    2,
    2,
    2,
    2,
    2,
    2,
    2,
    2,
    2,
    2,
    2,
    2,
    2,
    2,
    2,
    2,
    2,
    2,
    2,
    2,
    2,
    2,
    2,
    2,
    2,
    2,
    2,
    2
  ],
  "dtw": [],
  "accuracy": 0.61,
  "report": {
    "class0": {
      "precision": 0.5918367346938775,
      "recall": 0.9666666666666667,
      "f1-score": 0.7341772151898733,
      "support": 30
    },
    "class1": {
      "precision": 0.48,
      "recall": 0.34285714285714286,
      "f1-score": 0.39999999999999997,
      "support": 35
    },
    "class2": {
      "precision": 0.7692307692307693,
      "recall": 0.5714285714285714,
      "f1-score": 0.6557377049180327,
      "support": 35
    },
    "accuracy": 0.61,
    "macro avg": {
      "precision": 0.6136891679748823,
      "recall": 0.626984126984127,
      "f1-score": 0.5966383067026353,
      "support": 100
    },
    "weighted avg": {
      "precision": 0.6147817896389324,
      "recall": 0.61,
      "f1-score": 0.5897613612782735,
      "support": 100
    }
  }
}