{
  "predictions": [
    2,
    0,
    2,
    0,
    2,
    2,
    2,
    0,
    0,
    0,
    2,
    2,
    2,
    2,
    0,
    2,
    2,
    2,
    2,
    2,
    1,
    2,
    2,
    2,
    0,
    2,
    2,
    2,
    2,
    2,
    0,
    2,
    2,
    2,
    2,
    2,
    2,
    2,
    1,
    0,
    2,
    2,
    2,
    0,
    2,
    1,
    0,
    0,
    0,
    2,
    2,
    1,
    2,
    2,
    2,
    2,
    2,
    2,
    2,
    0,
    1,
    2,
    2,
    2,
    2,
    2,
    1,
    2,
    2,
    2,
    2,
    2,
    2,
    1,
    2,
    2,
    2,
    2,
    2,
    2,
    2,
    2,
    2,
    2,
    2,
    2,
    0,
    2,
    2,
    2,
    2,
    2,
    2,
    2,
    2,
    2,
    2,
    2,
    0,
    2
  ],
  "labels": [
    0,
    0,
    0,
    0,
    0,
    0,
    0,
    0,
    0,
    0,
    0,
    0,
    0,
    0,
    0,
    0,
    0,
    0,
    0,
    0,
    0,
    0,
    0,
    0,
    0,
    0,
    0,
    0,
    0,
    0,
    1,
    1,
    1,
    1,
    1,
    1,
    1,
    1,
    1,
    1,
    1,
    1,
    1,
    1,
    1,
    1,
    1,
    1,
    1,
    1,
    1,
    1,
    1,
    1,
    1,
    1,
    1,
    1,
    1,
    1,
    1,
    1,
    1,
    1,
    1,
    2,
    2,
    2,
    2,
    2,
    2,
    2,
    2,
    2,
    2,
    2,
    2,
    2,
    2,
    2,
    2,
    2,
    2,
    2,
    2,
    2,
    2,
    2,
    2,
    2,
    2,
    2,
    2,
    2,
    2,
    2,
    2,
    2,
    2,
    2
  ],
  "dtw": [],
  "accuracy": 0.42,
  "report": {
    "class0": {
      "precision": 0.4375,
      "recall": 0.23333333333333334,
      "f1-score": 0.3043478260869565,
      "support": 30
    },
    "class1": {
      "precision": 0.5714285714285714,
      "recall": 0.11428571428571428,
      "f1-score": 0.19047619047619044,
      "support": 35
    },
    "class2": {
      "precision": 0.4025974025974026,
      "recall": 0.8857142857142857,
      "f1-score": 0.5535714285714286,
      "support": 35
    },
    "accuracy": 0.42,
    "macro avg": {
      "precision": 0.470508658008658,
      "recall": 0.41111111111111115,
      "f1-score": 0.34946514837819187,
      "support": 100
    },
    "weighted avg": {
      "precision": 0.4721590909090909,
      "recall": 0.42,
      "f1-score": 0.3517210144927536,
      "support": 100
    }
  }
}