{
  "predictions": [
    0,
    0,
    0,
    0,
    0,
    2,
    2,
    2,
    5,
    2,
    0,
    5,
    5,
    5,
    2,
    5,
    0,
    0,
    0,
    0,
    2,
    5,
    2,
    0,
    0,
    0,
    5,
    0,
    5,
    5,
    1,
    1,
    1,
    1,
    1,
    1,
    1,
    1,
    1,
    1,
    1,
    1,
    1,
    1,
    1,
    1,
    1,
    1,
    1,
    1,
    2,
    2,
    5,
    5,
    2,
    2,
    5,
    2,
    2,
    2,
    2,
    2,
    2,
    2,
    2,
    2,
    2,
    2,
    2,
    2,
    2,
    2,
    5,
    0,
    2,
    2,
    2,
    5,
    0,
    5,
    2,
    3,
    3,
    3,
    3,
    0,
    3,
    3,
    0,
    0,
    3,
    3,
    3,
    0,
    3,
    3,
    3,
    2,
    0,
    0,
    3,
    0,
    3,
    2,
    6,
    4,
    0,
    0,
    0,
    0,
    4,
    5,
    0,
    4,
    4,
    0,
    0,
    0,
    4,
    6,
    1,
    0,
    6,
    2,
    5,
    5,
    5,
    0,
    5,
    2,
    2,
    5,
    5,
    5,
    2,
    0,
    2,
    2,
    2,
    0,
    5,
    2,
    2,
    6,
    6,
    6,
    6,
    5,
    6,
    6,
    4,
    6,
    6,
    6,
    6,
    6,
    6,
    6,
    0,
    4,
    6,
    6,
    6,
    6,
    6,
    4,
    6
  ],
  "labels": [
    0,
    0,
    0,
    0,
    0,
    0,
    0,
    0,
    0,
    0,
    0,
    0,
    0,
    0,
    0,
    0,
    0,
    0,
    0,
    0,
    0,
    0,
    0,
    0,
    0,
    0,
    0,
    0,
    0,
    0,
    1,
    1,
    1,
    1,
    1,
    1,
    1,
    1,
    1,
    1,
    1,
    1,
    1,
    1,
    1,
    1,
    1,
    1,
    1,
    1,
    2,
    2,
    2,
    2,
    2,
    2,
    2,
    2,
    2,
    2,
    2,
    2,
    2,
    2,
    2,
    2,
    2,
    2,
    2,
    2,
    2,
    2,
    2,
    2,
    2,
    2,
    2,
    2,
    2,
    2,
    2,
    3,
    3,
    3,
    3,
    3,
    3,
    3,
    3,
    3,
    3,
    3,
    3,
    3,
    3,
    3,
    3,
    3,
    3,
    3,
    3,
    3,
    3,
    3,
    4,
    4,
    4,
    4,
    4,
    4,
    4,
    4,
    4,
    4,
    4,
    4,
    4,
    4,
    4,
    4,
    4,
    4,
    4,
    5,
    5,
    5,
    5,
    5,
    5,
    5,
    5,
    5,
    5,
    5,
    5,
    5,
    5,
    5,
    5,
    5,
    5,
    5,
    5,
    6,
    6,
    6,
    6,
    6,
    6,
    6,
    6,
    6,
    6,
    6,
    6,
    6,
    6,
    6,
    6,
    6,
    6,
    6,
    6,
    6,
    6,
    6,
    6
  ],
  "dtw": [],
  "accuracy": 0.6167664670658682,
  "report": {
    "class0": {
      "precision": 0.3888888888888889,
      "recall": 0.4666666666666667,
      "f1-score": 0.42424242424242425,
      "support": 30
    },
    "class1": {
      "precision": 0.9523809523809523,
      "recall": 1.0,
      "f1-score": 0.975609756097561,
      "support": 20
    },
    "class2": {
      "precision": 0.5609756097560976,
      "recall": 0.7419354838709677,
      "f1-score": 0.638888888888889,
      "support": 31
    },
    "class3": {
      "precision": 1.0,
      "recall": 0.6086956521739131,
      "f1-score": 0.7567567567567568,
      "support": 23
    },
    "class4": {
      "precision": 0.625,
      "recall": 0.2631578947368421,
      "f1-score": 0.37037037037037035,
      "support": 19
    },
    "class5": {
      "precision": 0.32,
      "recall": 0.4,
      "f1-score": 0.35555555555555557,
      "support": 20
    },
    "class6": {
      "precision": 0.8636363636363636,
      "recall": 0.7916666666666666,
      "f1-score": 0.8260869565217391,
      "support": 24
    },
    "accuracy": 0.6167664670658682,
    "macro avg": {
      "precision": 0.6729831163803289,
      "recall": 0.6103031948735795,
      "f1-score": 0.6210729583476137,
      "support": 167
    },
    "weighted avg": {
      "precision": 0.6593221697245357,
      "recall": 0.6167664670658682,
      "f1-score": 0.6193093647596096,
      "support": 167
    }
  }
}