{
  "predictions": [
    0,
    0,
    0,
    0,
    0,
    0,
    0,
    0,
    0,
    0,
    0,
    0,
    0,
    0,
    0,
    0,
    0,
    0,
    0,
    0,
    0,
    0,
    0,
    0,
    1,
    1,
    1,
    1,
    1,
    1,
    1,
    1,
    1,
    1,
    1,
    1,
    1,
    1,
    1,
    1,
    1,
    1,
    1,
    1,
    1,
    1,
    1,
    1,
    1,
    1,
    1,
    1,
    1,
    2,
    3,
    2,
    2,
    3,
    2,
    2,
    2,
    3,
    3,
    2,
    2,
    2,
    3,
    2,
    2,
    0,
    3,
    2,
    2,
    3,
    2,
    2,
    2,
    2,
    2,
    2,
    3,
    3,
    3,
    3,
    3,
    3,
    3,
    3,
    3,
    3,
    3,
    3,
    3,
    3,
    3,
    3,
    3,
    3,
    3,
    3
  ],
  "labels": [
    0,
    0,
    0,
    0,
    0,
    0,
    0,
    0,
    0,
    0,
    0,
    0,
    0,
    0,
    0,
    0,
    0,
    0,
    0,
    0,
    0,
    0,
    0,
    0,
    1,
    1,
    1,
    1,
    1,
    1,
    1,
    1,
    1,
    1,
    1,
    1,
    1,
    1,
    1,
    1,
    1,
    1,
    1,
    1,
    1,
    1,
    1,
    1,
    1,
    1,
    1,
    1,
    1,
    2,
    2,
    2,
    2,
    2,
    2,
    2,
    2,
    2,
    2,
    2,
    2,
    2,
    2,
    2,
    2,
    2,
    2,
    2,
    2,
    2,
    2,
    2,
    2,
    2,
    2,
    2,
    2,
    3,
    3,
    3,
    3,
    3,
    3,
    3,
    3,
    3,
    3,
    3,
    3,
    3,
    3,
    3,
    3,
    3,
    3,
    3
  ],
  "dtw": [],
  "accuracy": 0.91,
  "report": {
    "class0": {
      "precision": 0.96,
      "recall": 1.0,
      "f1-score": 0.9795918367346939,
      "support": 24
    },
    "class1": {
      "precision": 1.0,
      "recall": 1.0,
      "f1-score": 1.0,
      "support": 29
    },
    "class2": {
      "precision": 1.0,
      "recall": 0.6785714285714286,
      "f1-score": 0.8085106382978724,
      "support": 28
    },
    "class3": {
      "precision": 0.7037037037037037,
      "recall": 1.0,
      "f1-score": 0.8260869565217391,
      "support": 19
    },
    "accuracy": 0.91,
    "macro avg": {
      "precision": 0.9159259259259259,
      "recall": 0.9196428571428572,
      "f1-score": 0.9035473578885764,
      "support": 100
    },
    "weighted avg": {
      "precision": 0.9341037037037035,
      "recall": 0.91,
      "f1-score": 0.9084415412788612,
      "support": 100
    }
  }
}